name,Private,Apps,Accept,Enroll,Top10perc,Top25perc,F.Undergrad,P.Undergrad,Outstate,Room.Board,Books,Personal,PhD,Terminal,S.F.Ratio,perc.alumni,Expend,Grad.Rate
Agnes Scott College,Yes,417,349,137,60,89,510,63,12960,5450,450,875,92,97,7.7,37,19016,59
Alaska Pacific University,Yes,193,146,55,16,44,249,869,7560,4120,800,1500,76,72,11.9,2,10922,15
Albertus Magnus College,Yes,353,340,103,17,45,416,230,13290,5720,500,1500,90,93,11.5,26,8861,63
Albion College,Yes,1899,1720,489,37,68,1594,32,13868,4826,450,850,89,100,13.7,37,11487,73
Alma College,Yes,1267,1080,385,44,73,1306,28,12572,4552,400,400,79,87,15.3,32,9305,68
Amherst College,Yes,4302,992,418,83,96,1593,5,19760,5300,660,1598,93,98,8.4,63,21424,100
Andrews University,Yes,1130,704,322,14,23,1586,326,9996,3090,900,1320,62,66,11.5,18,10908,46
Appalachian State University,No,7313,4664,1910,20,63,9940,1035,6806,2540,96,2000,83,96,18.3,14,5854,70
Arkansas Tech University,No,1734,1729,951,12,52,3602,939,3460,2650,450,1000,57,60,19.6,5,4739,48
Baker University,Yes,602,483,206,21,47,958,466,8620,4100,400,2250,58,68,11.0,21,6136,65
Barnard College,Yes,2496,1402,531,53,95,2121,69,17926,8124,600,850,83,93,10.3,33,12580,91
Barry University,Yes,990,784,279,18,45,1811,3144,11290,5360,600,1800,76,78,12.6,11,9084,72
Baylor University,Yes,6075,5349,2367,34,66,9919,484,6450,3920,600,1346,71,76,18.5,38,7503,72
Belmont Abbey College,Yes,632,494,129,17,36,709,131,9000,4850,300,2480,78,85,13.2,10,7550,52
Belmont University,Yes,1220,974,481,28,67,1964,623,7800,3664,650,900,61,61,11.1,19,7614,49
Beloit College,Yes,1320,923,284,26,54,1085,81,16304,3616,355,715,87,95,11.1,26,12957,69
Benedictine College,Yes,632,620,222,14,24,702,501,9550,3850,350,250,64,84,14.1,18,5922,58
Bennington College,Yes,519,327,114,25,53,457,2,21700,4100,600,500,35,59,10.1,33,16364,55
Berry College,Yes,1858,1221,480,37,68,1620,49,8050,3940,350,2375,80,80,16.3,17,10511,63
Boston University,Yes,20192,13007,3810,45,80,14971,3113,18420,6810,475,1025,80,81,11.9,16,16836,72
Bowdoin College,Yes,3356,1019,418,76,100,1490,8,19030,5885,1495,875,93,96,11.2,52,20447,96
Bradley University,Yes,3767,3414,1061,30,58,4531,643,10870,4440,2000,1522,75,81,14.4,21,7671,85
Brandeis University,Yes,4186,2743,740,48,77,2819,62,19380,6750,410,1000,90,97,9.8,24,17150,84
Brown University,Yes,12586,3239,1462,87,95,5643,349,19528,5926,720,1100,99,100,7.6,39,20440,97
Bucknell University,Yes,6548,3813,862,49,85,3316,31,18550,4750,800,1200,95,97,14.2,36,13675,93
Butler University,Yes,2362,2037,700,40,68,2607,148,13130,4650,500,1600,77,81,10.9,29,9511,83
Calvin College,Yes,1784,1512,913,29,56,3401,136,10230,3710,400,1210,75,81,14.8,41,7786,81
Campbell University,Yes,2087,1339,657,20,54,3191,1204,7550,2790,600,500,77,77,21.8,34,3739,63
Carleton College,Yes,2694,1579,489,75,93,1870,12,19292,3957,550,550,81,93,10.4,60,17960,91
Carnegie Mellon University,Yes,8728,5201,1191,60,89,4265,291,17900,5690,450,1250,86,93,9.2,31,24386,74
Carroll College,Yes,1160,991,352,19,55,1357,737,12200,3880,480,930,74,81,17.8,25,7666,79
Carthage College,Yes,1616,1427,434,20,43,1405,580,13125,3775,500,1300,74,89,15.9,22,7364,62
Case Western Reserve University,Yes,3877,3156,713,71,93,3051,513,15700,4730,525,1460,95,95,2.9,29,19733,67
Catawba College,Yes,1083,880,291,13,34,915,80,9270,4100,600,1860,75,82,13.5,27,8425,55
Centenary College of Louisiana,Yes,495,434,210,35,55,775,44,8950,3490,600,1900,86,92,11.3,25,9685,66
Central College,Yes,1283,1113,401,31,65,1355,40,10938,3660,650,600,76,90,13.5,29,8444,67
Central Connecticut State University,No,4158,2532,902,6,24,6394,3881,5962,4444,500,985,69,73,16.7,4,4900,49
Central Washington University,No,2785,2011,1007,8,65,6507,898,7242,3603,654,1416,67,89,18.1,0,6413,51
Centre College,Yes,1013,888,288,55,82,943,7,11850,4270,600,900,95,99,11.4,60,13118,74
Christian Brothers University,Yes,880,520,224,16,42,1068,364,9300,3260,600,900,81,81,11.1,24,8129,63
Christopher Newport University,No,883,766,428,3,37,2910,1749,7860,4750,525,1889,80,82,21.2,16,4639,48
Claremont McKenna College,Yes,1860,767,227,71,93,887,1,17000,6010,500,850,99,99,9.6,52,18443,87
Clark University,Yes,2887,2059,457,30,61,1928,296,17500,4200,500,950,94,95,10.5,35,11951,79
Clarkson University,Yes,2174,1953,557,35,68,2332,53,15960,5580,700,1300,95,95,15.8,32,11659,77
Clemson University,No,8065,5257,2301,37,65,11755,770,8116,3610,800,1618,82,88,18.0,17,7597,73
Coe College,Yes,1006,742,275,29,60,1127,205,13925,4390,500,2200,73,86,12.7,32,10141,67
Colby College,Yes,2848,1319,456,58,84,1720,35,18930,5590,500,1000,83,94,10.2,41,15954,91
Colgate University,Yes,4856,2492,727,46,75,2649,25,19510,5565,500,750,95,98,10.5,45,15494,93
College of Charleston,No,4772,3140,1265,22,55,6851,1200,6120,3460,666,2316,73,78,17.2,18,4776,51
College of Saint Benedict,Yes,938,864,511,29,62,1715,103,12247,4221,500,600,70,88,13.1,26,8847,72
College of the Holy Cross,Yes,2994,1691,659,70,95,2675,22,18000,6300,400,900,92,96,11.3,55,12138,95
College of William and Mary,No,7117,3106,1217,68,88,5186,134,11720,4298,600,800,89,92,12.1,31,9534,93
Colorado College,Yes,3207,1577,490,56,87,1892,7,17142,4190,450,1200,85,97,11.3,51,14664,84
Connecticut College,Yes,3035,1546,438,42,93,1630,232,18740,6300,600,500,86,95,10.7,40,14773,91
Converse College,Yes,440,407,149,35,70,643,80,12050,3700,500,900,63,76,10.2,31,10965,75
Cornell College,Yes,1538,1329,383,33,68,1140,10,15248,4323,550,800,71,76,12.2,31,10340,64
Creighton University,Yes,2967,2836,876,30,60,3450,644,10628,4372,650,2055,85,90,6.5,32,22906,85
Dartmouth College,Yes,8587,2273,1087,87,99,3918,32,19545,6070,550,1100,95,99,4.7,49,29619,98
Davidson College,Yes,2373,956,452,77,96,1601,6,17295,5070,600,1011,95,97,12.0,46,17581,94
Delta State University,No,967,945,459,15,48,2806,538,4528,1880,500,1200,49,63,17.1,16,5113,58
Denison University,Yes,2762,2279,533,32,60,1835,14,16900,4720,500,600,88,97,11.6,45,12423,81
DePauw University,Yes,1994,1656,495,50,80,1983,36,14300,5020,550,950,78,94,11.1,31,11525,82
Dickinson College,Yes,3014,2539,487,31,68,1889,62,18700,5000,595,1250,87,94,11.2,39,13861,87
Dickinson State University,No,434,412,319,10,30,1376,237,4486,2146,600,2000,50,64,16.5,28,4525,46
Dillard University,Yes,1998,1376,651,41,88,1539,45,6700,3650,500,2307,52,52,14.1,12,7566,61
Dordt College,Yes,604,562,328,25,50,1048,56,9800,2650,450,2800,61,60,12.5,17,7325,87
Drake University,Yes,2799,2573,839,34,65,3322,726,13420,4770,560,1675,88,93,15.0,24,9473,77
Drew University,Yes,2153,1580,321,56,84,1192,87,18432,5616,520,660,93,97,10.2,28,14907,83
Duke University,Yes,13789,3893,1583,90,98,6188,53,18590,5950,625,1162,95,96,5.0,44,27206,97
Earlham College,Yes,1358,1006,274,35,63,1028,13,15036,4056,600,600,90,94,10.6,46,14634,78
East Carolina University,No,9274,6362,2435,14,44,13171,1687,7248,3240,500,1700,74,78,13.2,18,9002,58
East Tennessee State University,No,3330,2730,1303,15,36,6706,2640,5800,3000,600,2200,73,75,14.0,9,9825,42
Eastern Connecticut State University,No,2172,1493,564,14,50,2766,1531,5962,4316,650,500,71,76,16.9,14,5719,50
Eckerd College,Yes,1422,1109,366,33,65,1363,23,15360,4080,600,1000,82,89,12.8,26,15003,59
Emory University,Yes,8506,4168,1236,76,97,5544,192,17600,6000,600,870,97,98,5.0,28,28457,96
Emporia State University,No,1256,1256,853,43,79,3957,588,5401,3144,450,1888,72,75,19.3,4,5527,50
Erskine College,Yes,659,557,167,47,74,532,35,10485,3840,475,1246,76,80,13.5,47,7527,67
Fairfield University,Yes,4784,3346,781,30,66,2984,1037,15000,6200,700,1100,86,90,15.1,30,11220,94
Ferrum College,Yes,1339,1107,336,12,36,1051,82,9400,4200,500,1600,53,58,12.5,9,7967,22
Florida Institute of Technology,Yes,1947,1580,523,39,74,1863,233,13900,4140,750,1500,90,90,10.6,7,8923,57
Florida International University,No,3306,2079,1071,42,89,10208,9310,6597,2494,800,3028,81,96,13.9,20,6722,66
Florida State University,No,11651,8683,3023,50,90,18906,3242,6680,4060,600,1020,80,89,23.1,15,7250,58
Fordham University,Yes,4200,2874,942,30,55,4740,1646,14235,6965,600,1735,86,97,14.4,14,10864,80
Fort Lewis College,No,3440,2823,1123,16,35,3793,486,6198,3320,500,2500,89,97,19.1,6,4362,46
Francis Marion University,No,1801,1655,819,13,38,3224,436,5840,3138,400,2430,76,76,19.1,8,5039,43
Franklin College,Yes,804,632,281,29,72,840,68,10390,4040,525,1345,54,78,12.5,37,11751,60
Freed-Hardeman University,Yes,895,548,314,20,54,1174,50,5500,3340,600,1600,68,76,16.1,13,6078,62
George Mason University,No,5653,4326,1727,17,29,9528,3822,10800,4840,580,1050,93,96,19.3,7,6751,46
Georgetown College,Yes,727,693,286,30,55,1063,48,8100,3950,550,550,73,76,13.3,28,7508,55
Georgia State University,No,3793,2341,1238,9,24,7732,9054,6744,2655,720,3450,87,89,19.0,10,7762,34
Gettysburg College,Yes,3596,2466,575,42,78,1944,46,19964,4328,500,500,94,95,12.1,32,14720,83
Gonzaga University,Yes,1886,1524,526,31,67,2523,296,13000,4450,600,2400,78,90,14.7,32,9553,69
Goucher College,Yes,1151,813,248,40,64,850,80,15588,6174,500,1200,78,90,9.2,34,16623,77
Green Mountain College,Yes,780,628,198,7,20,545,42,11750,2700,400,850,77,83,14.0,24,6475,76
Grinnell College,Yes,2039,1389,432,56,91,1333,30,15688,4618,400,400,88,92,9.5,54,18979,83
Grove City College,Yes,2491,1110,573,57,88,2213,35,5224,3048,525,350,65,65,18.4,18,4957,100
Gustavus Adolphus College,Yes,1709,1385,634,36,72,2281,50,14125,3600,400,700,79,89,12.5,58,9907,80
Hamilton College,Yes,3140,1783,454,40,82,1646,24,19700,5050,300,800,91,96,9.6,60,17761,91
Hamline University,Yes,1006,825,328,34,73,1362,102,13252,4194,450,550,89,93,13.0,33,10296,65
Hampton University,Yes,7178,3755,1433,25,63,4623,740,7161,3518,600,2000,60,64,14.0,9,6791,70
Hanover College,Yes,1006,837,317,33,65,1024,15,8200,3485,500,1200,84,84,10.6,26,9248,64
Harding University,Yes,1721,1068,806,35,75,3128,213,5504,3528,700,910,71,77,17.7,37,6466,73
Harvard University,Yes,13865,2165,1606,90,100,6862,320,18485,6410,500,1920,97,97,9.9,52,37219,100
Harvey Mudd College,Yes,1377,572,178,95,100,654,5,17230,6690,700,900,100,100,8.2,46,21569,100
Hastings College,Yes,817,708,262,22,52,935,37,9376,3272,500,1902,57,63,13.0,17,7335,52
Hendrix College,Yes,823,721,274,52,87,954,6,8800,3195,500,1200,82,99,13.1,26,8588,63
Hofstra University,Yes,7428,5860,1349,25,63,6534,1350,11600,5920,1000,1000,81,90,13.9,10,10093,60
Hood College,Yes,699,565,176,36,64,710,399,13960,6040,450,690,82,88,14.4,34,12434,72
Hope College,Yes,1712,1483,624,37,69,2505,208,12275,4341,465,1100,72,81,12.5,40,9284,72
Huntingdon College,Yes,608,520,127,26,47,538,126,8080,3920,500,1100,63,72,11.4,9,7703,44
Illinois Institute of Technology,Yes,1756,1360,478,42,77,1911,626,14550,4620,500,700,80,88,12.3,26,12851,56
Illinois State University,No,8681,6695,2408,10,35,15701,1823,7799,3403,537,2605,77,84,21.0,16,5569,54
Illinois Wesleyan University,Yes,3050,1342,471,55,86,1818,23,14360,4090,400,650,77,92,12.9,34,9605,83
Indiana State University,No,5659,4761,3147,10,31,8596,1949,6892,3706,600,2500,72,76,16.6,8,6996,40
Iowa State University,No,8427,7424,3441,26,59,18676,1715,7550,3224,640,2055,81,88,19.2,22,8420,65
James Madison University,No,11223,5285,2082,32,72,9652,742,7994,4544,500,732,77,81,17.9,29,5212,98
John Brown University,Yes,605,405,284,24,53,961,99,6398,3672,400,1350,68,68,13.3,19,8118,75
John Carroll University,Yes,2421,2109,820,27,57,3168,392,11700,5550,600,450,89,90,14.5,28,7738,89
Johns Hopkins University,Yes,8474,3446,911,75,94,3566,1569,18800,6740,500,1040,96,97,3.3,38,56233,90
Johnson State College,No,833,669,279,3,13,1224,345,7656,4690,500,624,80,91,14.4,15,6564,36
Judson College,Yes,313,228,137,10,30,552,67,9414,4554,500,1700,34,55,10.6,30,7840,56
Kansas State University,No,5880,4075,2833,25,55,14914,2246,6995,3120,600,2000,76,86,18.5,22,6122,54
Kansas Wesleyan University,Yes,589,575,148,16,40,474,258,8400,3250,500,1400,63,55,12.4,14,6535,68
Keene State College,No,3121,2446,822,5,19,3480,776,7870,4157,500,1150,73,73,16.1,13,6195,61
Kentucky Wesleyan College,Yes,584,497,175,20,49,662,121,8000,4150,500,1300,57,65,11.3,32,7058,62
Kenyon College,Yes,2212,1538,408,44,75,1445,1,19240,3690,750,480,95,95,11.1,46,14067,88
Knox College,Yes,1040,845,286,48,77,967,24,15747,4062,400,800,88,95,12.7,33,13224,79
La Salle University,Yes,2929,1834,622,20,56,2738,1662,12600,5610,450,3160,90,90,15.1,9,9084,84
Lafayette College,Yes,4010,2402,572,36,59,2018,226,18730,5740,600,1000,93,96,10.5,38,15365,92
Lake Forest College,Yes,979,638,271,31,70,968,20,16880,3970,920,1320,91,94,10.7,19,15687,77
Lamar University,No,2336,1725,1043,10,27,5438,4058,4752,3040,508,1463,48,82,18.4,12,5879,26
Lander University,No,1166,1009,510,9,33,2074,341,4938,2987,528,1702,67,77,17.0,11,6119,51
Lawrence University,Yes,1243,947,324,50,77,1129,74,17163,3891,525,975,76,92,10.1,57,13965,77
Lehigh University,Yes,6397,4304,1092,40,84,4298,132,18700,5580,750,1130,96,99,12.5,43,14665,91
LeTourneau University,Yes,477,417,204,29,54,1532,77,8840,4240,600,1400,58,70,20.8,23,6863,56
Lewis University,Yes,1154,1050,395,12,31,2192,1423,10560,4520,500,1200,36,48,14.3,10,7701,61
Loras College,Yes,1641,1283,527,20,39,1663,170,11200,4000,500,1200,61,62,14.2,24,7578,70
Louisiana College,Yes,2013,1053,212,33,61,912,158,5150,3036,500,1655,64,74,10.5,11,7547,59
Louisiana Tech University,No,2397,2144,1525,22,45,6720,1822,3957,2325,618,1656,66,77,20.0,13,4546,45
Loyola Marymount University,Yes,3768,2662,753,42,64,3558,436,13592,5916,545,1328,84,88,14.2,10,11677,84
Loyola University Chicago,Yes,3579,2959,868,25,55,5244,3417,11500,5330,700,2000,94,95,6.2,15,13009,65
Luther College,Yes,1549,1392,587,38,72,2269,85,13240,3560,600,400,73,85,13.8,38,8949,77
Lynchburg College,Yes,1756,1500,366,3,21,1524,280,12450,5400,450,870,62,66,12.4,24,8832,70
Lyndon State College,No,535,502,223,6,20,959,150,7320,4640,500,600,48,65,12.6,15,7114,51
Macalester College,Yes,2939,1496,452,56,86,1723,113,15909,4772,500,700,85,91,11.9,37,14213,77
Manhattan College,Yes,2432,1730,563,20,63,2578,254,12370,6800,500,1800,92,92,13.6,25,10062,79
Marietta College,Yes,1611,960,342,27,60,1089,210,13850,3920,470,810,80,97,13.2,30,10223,96
Marquette University,Yes,5152,4600,1685,36,71,7016,804,11610,4760,600,1950,86,94,13.5,25,9982,77
Marshall University,Yes,4226,3666,2007,14,60,7703,2339,5094,4010,700,1560,77,86,16.6,10,6203,50
Marymount University,Yes,941,772,214,10,30,1247,776,11390,5280,500,750,77,82,10.6,17,8575,55
Maryville College,Yes,1464,888,176,26,52,624,128,11200,4208,500,1642,80,90,11.1,43,8317,51
Massachusetts Institute of Technology,Yes,6411,2140,1078,96,99,4481,28,20100,5975,725,1600,99,99,10.1,35,33541,94
Mayville State University,No,233,233,153,5,12,658,58,4486,2516,600,1900,68,68,15.7,11,6971,51
McPherson College,Yes,420,293,93,11,32,336,80,7950,3750,600,2740,54,54,9.8,45,9754,48
Mercer University,Yes,2286,1668,564,37,70,2943,1260,11985,4081,400,1500,93,95,9.2,15,8995,91
Merrimack College,Yes,1981,1541,514,18,36,1927,1084,12500,6200,375,1000,73,75,16.8,22,8707,80
Michigan State University,No,18114,15096,6180,23,57,26640,4120,10658,3734,504,600,93,95,14.0,9,10520,71
Michigan Technological University,No,2618,2288,1032,42,77,5524,414,8127,3978,900,1200,82,82,17.0,25,7473,65
Milligan College,Yes,610,461,189,26,52,685,49,8200,3300,550,1000,63,69,12.0,16,8128,64
Millsaps College,Yes,905,834,319,32,61,1073,179,11320,4402,550,1350,82,89,12.7,38,11218,58
Milwaukee School of Engineering,Yes,1217,1088,496,36,69,1773,884,11505,3255,1000,2075,35,46,16.7,23,7140,67
Mississippi College,Yes,594,385,307,36,57,1695,721,5580,2830,600,700,77,79,16.5,18,6170,61
Mississippi State University,No,4255,3277,1609,18,57,10094,1621,9866,3084,480,1479,77,77,15.9,20,6223,53
Mississippi University for Women,No,480,405,380,19,46,1673,1014,4386,2217,600,1500,49,54,15.8,8,5704,63
Montana State University,No,3500,2836,1779,15,42,8730,993,5552,3710,550,2300,75,83,17.6,8,6324,37
Montclair State University,No,5220,2128,865,19,53,6411,3186,3648,4834,700,950,82,87,21.5,9,6717,58
Morehouse College,Yes,3708,1678,722,41,66,2852,153,7050,5490,250,600,71,74,17.8,10,8122,83
Morningside College,Yes,586,533,239,16,36,950,228,10520,3678,500,1000,48,68,13.0,32,8111,56
Mount Marty College,Yes,279,276,126,17,37,600,435,6844,2980,500,500,45,55,11.7,38,5073,44
Muhlenberg College,Yes,2519,1836,462,30,61,1656,352,16975,4565,600,850,76,86,12.8,39,10888,83
Murray State University,No,2225,1910,1190,29,55,5968,955,4738,3110,700,940,72,76,20.2,27,5972,52
New Jersey Institute of Technology,No,1879,1216,483,27,62,3311,1646,8832,5376,700,1850,92,98,13.5,19,12529,72
New York University,Yes,13594,7244,2505,70,86,12408,2814,17748,7262,450,1000,87,98,7.8,16,21227,71
Newberry College,Yes,872,722,154,14,36,601,36,10194,2600,500,1500,57,63,11.4,32,5788,83
North Carolina State University at Raleigh,No,10634,7064,3176,39,78,16505,5481,8400,6540,600,1300,92,98,17.5,21,9670,62
North Carolina Wesleyan College,Yes,812,689,195,7,24,646,84,8242,4230,600,1295,77,77,12.7,11,10090,52
North Central College,Yes,1127,884,308,30,64,1310,766,11718,7398,450,1800,73,87,16.4,33,8871,76
Northeastern University,Yes,11901,8492,2517,16,42,11160,10221,13380,7425,600,1750,73,82,12.9,17,9563,46
Northern Arizona University,No,5891,4931,1973,23,48,11249,2682,6746,3728,620,2342,78,83,21.7,7,6157,41
Northern Illinois University,No,10706,7219,2397,12,37,14826,1979,7799,3296,470,1750,73,78,17.3,11,6086,56
Northwest Missouri State University,No,2729,2535,1257,8,29,4787,472,3735,3136,250,1630,62,65,21.7,23,5284,54
Northwestern College,Yes,860,811,366,22,56,1040,52,9900,3075,300,1800,68,68,14.9,34,6357,68
Northwestern University,Yes,12289,5200,1902,85,98,7450,45,16404,5520,759,1585,96,100,6.8,25,26385,92
Norwich University,Yes,1743,1625,626,8,29,1862,382,14134,5270,500,800,71,74,13.1,22,9209,63
Oakland University,No,3041,2581,1173,16,56,6441,3982,9114,4030,400,650,88,90,19.7,13,6637,53
Oberlin College,Yes,4778,2767,678,50,89,2587,120,19670,5820,575,1119,77,96,10.1,47,16593,83
Oglethorpe University,Yes,792,649,186,56,87,769,377,12900,4340,600,4110,91,95,13.1,27,8568,67
Ohio Northern University,Yes,2936,2342,669,35,62,2502,66,15990,4080,600,825,73,78,14.5,31,9979,83
Ohio Wesleyan University,Yes,2190,1700,458,36,65,1780,48,16732,5650,550,550,93,93,12.1,32,12011,75
Oklahoma Baptist University,Yes,758,681,484,35,59,1707,705,5390,3140,515,1290,63,71,15.1,18,5511,50
Oklahoma Christian University,Yes,776,765,351,22,44,1419,228,6400,3150,500,1900,58,64,16.2,8,6578,45
Ouachita Baptist University,Yes,910,773,450,31,73,1310,61,6530,2800,500,1500,63,67,13.3,10,6413,65
Pacific Lutheran University,Yes,1603,1392,504,31,68,2580,302,13312,4488,600,1516,78,78,11.0,23,9431,83
Pacific University,Yes,943,849,288,41,71,1041,35,14210,3994,450,1100,76,76,10.9,22,11216,42
Peru State College,No,701,501,458,10,40,959,457,2580,2624,500,900,48,100,20.1,24,4870,44
Presbyterian College,Yes,1082,832,302,34,63,1133,30,11859,3635,554,1429,80,85,13.4,42,8354,85
Princeton University,Yes,13218,2042,1153,90,98,4540,146,19900,5910,675,1575,91,96,8.4,54,28320,99
Providence College,Yes,5139,3346,973,20,55,3717,1358,14400,6200,450,1100,66,74,18.4,35,8135,96
Radford University,No,5702,4894,1742,15,37,8077,472,6684,4110,500,900,73,83,19.6,9,4519,62
Ramapo College of New Jersey,No,2088,957,362,6,29,2745,1938,4449,4860,600,1655,74,95,17.8,8,7333,47
Reed College,Yes,1966,1436,327,47,80,1199,61,19960,5490,500,450,90,90,11.8,37,15886,68
Rensselaer Polytechnic Institute,Yes,4996,4165,936,53,82,4291,16,17475,5976,1230,1100,94,98,15.4,21,15605,70
Rhodes College,Yes,2302,1831,391,58,82,1345,59,15200,4768,550,1500,90,96,10.8,47,13388,77
Rider University,Yes,3586,2424,730,16,31,2748,1309,13250,5420,700,3100,84,92,12.3,23,11299,70
Ripon College,Yes,587,501,211,28,52,735,28,15200,4100,350,650,87,90,9.4,49,12472,64
Roanoke College,Yes,2227,1790,437,27,54,1460,239,13425,4425,450,1200,85,89,13.0,26,9405,72
Rocky Mountain College,Yes,560,392,270,11,31,743,118,8734,3362,600,625,56,78,11.3,27,6422,68
Roger Williams University,Yes,3304,2804,679,10,20,2111,1489,12520,6050,500,730,44,54,16.4,8,7957,61
Rollins College,Yes,1777,1151,382,31,55,1668,1052,16425,5220,955,750,81,85,13.3,23,11561,90
Sacred Heart University,Yes,2307,1896,509,19,51,1707,1889,11070,5780,400,600,71,73,14.8,16,7120,82
Saint Ambrose University,Yes,897,718,276,12,48,1345,390,10450,4020,500,1500,56,56,14.1,16,7444,70
Saint Anselm College,Yes,2095,1553,514,15,40,1873,94,12950,5400,450,1120,70,82,14.5,29,6719,97
Saint Cloud State University,No,3971,3306,1921,10,34,11493,2206,4259,2625,350,1884,70,75,18.9,10,4629,58
Saint Joseph's University,Yes,2519,2003,776,39,71,2473,1314,12750,6350,350,1690,84,90,17.4,13,8243,83
Saint Louis University,Yes,3294,2855,956,44,67,4576,1140,11690,4730,800,6800,84,94,4.6,19,18367,67
Saint Mary's College,Yes,888,734,393,26,60,1433,27,12730,4514,500,1525,74,95,9.9,31,11165,98
Saint Michael's College,Yes,1910,1380,463,16,64,1715,106,13030,5860,500,750,79,88,14.5,34,10190,84
Saint Xavier University,Yes,785,647,295,15,65,1670,726,10860,4624,600,794,87,100,13.7,15,8953,55
Samford University,Yes,1680,1395,691,34,76,2959,402,8236,3700,569,1650,74,75,14.7,17,9533,61
Santa Clara University,Yes,4019,2779,888,40,73,3891,128,13584,5928,630,1278,88,92,13.9,19,10872,100
Seattle Pacific University,Yes,1183,1016,411,42,82,1922,704,12669,4875,600,1250,83,85,16.8,20,10368,66
Seattle University,Yes,2115,1540,494,28,72,2993,347,12825,4375,500,1500,85,85,12.2,16,10175,89
Seton Hall University,Yes,4576,3565,1000,16,36,4384,1530,12000,6484,650,1000,81,84,14.4,15,10080,64
Simpson College,Yes,1016,872,300,27,57,1116,602,11250,4980,550,1400,66,73,15.8,36,7411,70
Smith College,Yes,2925,1598,632,51,88,2479,95,18820,6390,500,1050,85,97,10.3,44,21199,90
South Dakota State University,No,2807,2589,1701,13,37,7000,1103,3811,2190,500,1970,62,65,15.0,29,5084,67
Southeast Missouri State University,No,2281,1870,1408,18,43,6553,1246,4680,3540,200,2150,75,76,17.1,8,5916,45
Southern Methodist University,Yes,4301,3455,1166,41,69,4892,387,12772,5078,576,1802,74,88,13.5,17,12726,72
Southwestern University,Yes,1244,912,352,44,77,1177,43,11850,4675,600,1050,83,89,11.3,35,12995,67
Spalding University,Yes,283,201,97,10,45,589,263,8400,2800,600,900,50,56,10.6,40,6860,89
Spelman College,Yes,3713,1237,443,47,83,1971,107,7000,5565,660,2400,73,80,12.5,18,9988,65
St. John's College,Yes,323,278,122,31,51,393,4,16150,5450,275,800,63,72,7.2,26,15622,64
Stephens College,Yes,450,405,194,17,34,614,388,13900,5200,450,2150,46,63,10.9,17,9995,59
Stetson University,Yes,1557,1227,489,37,69,1964,81,12315,4565,600,1365,85,90,12.5,24,10307,73
Stevens Institute of Technology,Yes,1768,1249,380,51,93,1263,11,16900,5680,450,750,89,89,19.0,33,12837,79
Stonehill College,Yes,3646,2300,585,25,69,2022,926,12170,6172,480,800,79,79,13.0,30,7495,97
Tabor College,Yes,257,183,109,19,41,396,38,7850,3410,400,1500,55,70,10.0,15,7233,53
Taylor University,Yes,1769,1092,437,41,80,1757,81,10965,4000,450,1250,60,61,14.2,32,8294,98
Texas Christian University,Yes,4095,3079,1195,33,64,5064,660,8490,3320,650,2400,81,93,14.8,23,9158,64
Transylvania University,Yes,759,729,244,57,81,867,51,10900,4450,500,1000,81,91,12.1,41,10219,70
Trinity University,Yes,2425,1818,601,62,93,2110,95,12240,5150,500,490,94,96,9.6,20,14703,93
Tuskegee University,Yes,2267,1827,611,20,59,2825,144,6735,3395,600,1425,70,74,12.2,7,10872,65
University of Alabama at Birmingham,No,1797,1260,938,24,35,6960,4698,4440,5175,750,2200,96,96,6.7,16,16352,33
University of Central Florida,No,6986,2959,1918,25,60,12330,7152,6618,4234,700,1600,80,98,22.2,9,6742,46
University of Charleston,Yes,682,535,204,22,43,771,611,9500,3540,400,750,26,58,2.5,10,7683,57
University of Chicago,Yes,6348,2999,922,68,94,3340,39,18930,6380,500,1254,99,99,5.3,36,36854,90
University of Dallas,Yes,681,588,246,44,74,1058,73,10760,6230,500,1200,85,93,13.4,26,8731,63
University of Dayton,Yes,6361,5293,1507,26,51,5889,665,11380,4220,500,900,81,85,14.8,25,8894,93
University of Delaware,Yes,14446,10516,3252,22,57,14130,4522,10220,4230,530,1300,82,87,18.3,15,10650,75
University of Denver,Yes,2974,2001,580,29,60,2666,554,15192,4695,400,1350,84,91,15.9,21,11762,67
University of Detroit Mercy,Yes,927,731,415,24,50,2149,2217,11130,3996,600,2166,72,79,13.5,14,10891,51
University of Dubuque,Yes,576,558,137,11,39,662,131,10430,3620,400,1500,85,98,16.5,18,8767,45
University of Evansville,Yes,2096,1626,694,35,67,2551,407,11800,4340,700,960,60,81,15.8,26,7780,77
University of Florida,No,12445,8836,3623,54,85,24470,3286,7090,4180,630,1530,88,97,13.4,20,14737,66
University of Georgia,No,11220,7871,3320,43,79,19553,2748,5697,3600,525,1755,88,95,14.7,22,7881,63
University of Hartford,Yes,5081,4040,1194,11,26,3768,1415,14220,6000,500,1440,61,76,10.7,9,10625,66
University of Hawaii at Manoa,No,3580,2603,1627,36,69,11028,2411,4460,3038,687,1281,85,87,11.8,6,12833,54
University of Illinois at Chicago,No,8384,5727,2710,22,50,13518,2916,7230,5088,630,3228,82,84,10.0,6,13883,34
University of Indianapolis,Yes,1487,1276,388,26,51,1417,1646,11120,4080,525,1405,55,56,11.1,23,6735,69
University of Kansas,No,8579,5561,3681,25,50,17880,1673,6994,3384,700,2681,88,94,13.7,17,9657,57
University of Louisville,No,4777,3057,1823,16,33,9844,6198,6540,3600,530,2440,84,92,11.1,24,10207,31
University of Maine at Farmington,No,1208,803,438,20,48,1906,344,6810,3970,450,1647,67,75,15.9,26,5712,59
University of Maine at Machias,No,441,369,172,17,45,633,317,6600,3680,600,400,46,46,15.1,4,5935,64
University of Maine at Presque Isle,No,461,381,235,10,40,974,503,6600,3630,400,1675,67,67,15.2,11,6408,35
University of Miami,Yes,7122,5386,1643,42,69,7760,876,16500,6526,630,1985,82,94,5.9,17,17500,59
University of Mississippi,No,3844,3383,1669,26,47,7524,804,4916,3810,600,550,81,86,20.3,14,6971,53
University of Mobile,Yes,452,331,269,17,54,1417,301,6150,3680,550,1200,59,63,16.6,4,5412,52
University of Montevallo,No,1351,892,570,18,78,2385,331,4440,3030,300,600,72,72,18.9,8,5883,51
University of New England,Yes,1209,750,265,19,54,820,159,11450,5045,900,2500,72,75,11.4,13,9718,64
University of North Carolina at Chapel Hill,No,14596,5985,3331,75,92,14609,1100,8400,4200,550,1200,88,93,8.9,23,15893,83
University of North Carolina at Charlotte,No,5803,4441,1730,19,62,10099,3255,7248,3109,600,1900,79,91,16.8,7,6227,62
University of North Dakota,No,2777,2249,1652,20,54,8334,1435,5634,2703,450,1200,97,97,15.9,16,9424,49
University of North Florida,No,1800,1253,560,44,85,3876,3588,6634,4360,600,2604,82,85,17.8,14,6104,47
University of Northern Colorado,No,5530,4007,1697,12,37,8463,1498,7731,4128,540,2286,75,75,21.5,8,6309,40
University of Northern Iowa,No,4144,3379,1853,18,52,10135,1448,6197,2930,595,2380,78,82,16.3,26,6333,77
University of Notre Dame,Yes,7700,3700,1906,79,96,7671,30,16850,4400,600,1350,96,92,13.1,46,13936,97
University of Oregon,No,8631,6732,2546,25,61,11669,1605,10602,3660,570,1530,79,87,19.7,13,8020,54
University of Pennsylvania,Yes,12394,5232,2464,85,100,9205,531,17020,7270,500,1544,95,96,6.3,38,25765,93
University of Portland,Yes,1758,1485,419,27,58,2041,174,12040,4100,600,1100,92,96,13.2,17,9060,72
University of Puget Sound,Yes,4044,2826,688,51,83,2738,138,16230,4500,630,1800,79,86,15.0,17,11217,63
University of Rhode Island,No,9643,7751,1968,12,40,8894,2456,10330,5558,500,1250,84,89,16.6,7,9158,63
University of Richmond,Yes,5892,2718,756,46,72,2854,594,14500,3285,700,1125,75,89,11.7,32,11984,100
University of Rochester,Yes,8766,5498,1243,56,75,5071,438,17840,6582,500,882,93,99,5.9,23,26037,80
University of San Diego,Yes,3934,2735,886,40,70,3698,217,13600,5940,630,1820,93,96,15.6,13,10813,66
University of San Francisco,Yes,2306,1721,538,23,48,4309,549,13226,6452,750,2450,86,86,13.6,8,10074,62
University of Scranton,Yes,4471,2942,910,29,60,3674,493,11584,5986,650,800,83,83,14.1,41,9131,92
University of Southern California,Yes,12229,8498,2477,45,71,13259,1429,17230,6482,600,2210,90,94,11.4,10,17007,68
University of Southern Mississippi,No,2850,2044,1046,20,50,9260,1387,4652,2470,500,500,78,99,18.7,23,5917,45
University of Tulsa,Yes,1712,1557,696,41,68,2936,433,11750,4160,1200,2350,94,96,11.5,10,11743,47
University of Utah,No,5095,4491,2400,27,53,13894,8374,6857,3975,858,3093,89,93,12.8,9,9275,37
University of Vermont,No,7663,6008,1735,18,51,7353,1674,15516,4928,500,990,87,90,9.9,10,12646,79
University of Wisconsin-Stout,No,2593,1966,1030,9,32,6038,579,6704,2592,376,1750,78,78,21.0,17,6254,65
University of Wisconsin-Whitewater,No,4400,3719,1472,12,38,7804,1552,6950,2500,300,1200,90,95,23.1,16,5559,67
University of Wyoming,No,2029,1516,1073,23,46,7535,1488,5988,3422,600,1500,91,94,15.1,13,8745,45
Upper Iowa University,Yes,663,452,192,10,35,1481,1160,8840,3060,500,1000,69,75,17.4,19,3733,78
Ursinus College,Yes,1399,1026,308,44,77,1131,17,14900,5160,500,800,82,85,11.6,40,12082,79
Valley City State University,No,368,344,212,5,27,863,189,4286,2570,600,2000,39,41,14.9,25,4958,40
Valparaiso University,Yes,2075,1727,520,49,81,2501,198,11800,3260,500,800,87,89,14.2,23,9681,95
Vanderbilt University,Yes,7791,4690,1499,71,92,5500,90,17865,6525,630,952,93,98,5.8,26,23850,83
Villanova University,Yes,7759,5588,1477,30,68,6362,1292,15925,6507,400,300,89,90,13.4,24,10458,96
Virginia Commonwealth University,No,4963,3497,1567,18,45,10262,5065,10217,4182,500,3630,81,87,8.7,11,11183,45
Virginia State University,No,2996,2440,704,2,30,3006,338,5587,4845,500,600,61,63,16.0,11,5733,31
Wabash College,Yes,800,623,256,41,76,801,5,12925,4195,500,635,78,85,9.9,55,14904,72
Wake Forest University,Yes,5661,2392,903,75,88,3499,172,13850,4360,500,1250,95,97,4.3,37,41766,89
Wartburg College,Yes,1231,1074,345,34,66,1295,105,11600,3610,400,850,66,91,12.4,37,7735,67
Washington and Lee University,Yes,3315,1096,425,68,93,1584,3,13750,4619,680,1115,81,96,9.6,45,15736,90
Washington College,Yes,1209,942,214,31,60,822,46,15276,5318,500,300,79,86,11.2,37,10830,65
Washington State University,No,6540,5839,2440,31,70,14445,1344,8200,4210,800,2719,84,87,16.9,30,10912,56
Wayne State College,No,1373,1373,724,6,21,2754,474,2700,2660,540,1660,60,68,20.3,29,4550,52
Webster University,Yes,665,462,226,17,44,1739,1550,9160,4340,500,500,68,68,20.6,14,6951,48
Wellesley College,Yes,2895,1249,579,80,96,2195,156,18345,5995,500,700,94,98,10.6,51,21409,91
Wentworth Institute of Technology,Yes,1480,1257,452,6,25,2961,572,9850,6050,850,920,10,68,15.4,8,17858,64
Wesley College,Yes,980,807,350,10,25,872,448,9890,4674,500,1350,52,57,14.4,15,6243,84
Wesleyan University,Yes,4772,1973,712,60,86,2714,27,19130,5600,1400,1400,90,94,12.1,39,16262,92
West Virginia Wesleyan College,Yes,1566,1400,483,28,55,1509,170,14200,3775,450,1100,58,81,16.4,42,8080,67
Western Carolina University,No,3224,2519,1057,11,31,5000,706,6390,2380,110,1622,67,78,14.6,9,6554,55
Western Michigan University,No,9167,7191,2738,24,53,15739,4278,6940,4100,500,1700,80,84,24.7,11,5983,55
Western Washington University,No,5548,3563,1549,30,71,8909,506,8124,4144,639,2385,83,89,22.7,10,7203,61
Whitman College,Yes,1861,998,359,45,77,1220,46,16670,4900,750,800,80,83,10.5,51,13198,72
Widener University,Yes,2139,1492,502,24,64,2186,2171,12350,5370,500,1350,88,86,12.6,19,9603,63
Willamette University,Yes,1658,1327,395,49,80,1595,159,14800,4620,400,790,91,94,13.3,37,10779,68
William Jewell College,Yes,663,547,315,32,67,1279,75,10060,2970,500,2600,74,80,11.2,19,7885,59
Williams College,Yes,4186,1245,526,81,96,1988,29,19629,5790,500,1200,94,99,9.0,64,22014,99
Winona State University,No,3325,2047,1301,20,45,5800,872,4200,2700,300,1200,53,60,20.2,18,5318,58
Winthrop University,No,2320,1805,769,24,61,3395,670,6400,3392,580,2150,71,80,12.8,26,6729,59
Wisconsin Lutheran College,Yes,152,128,75,17,41,282,22,9100,3700,500,1400,48,48,8.5,26,8960,50
Wittenberg University,Yes,1979,1739,575,42,68,1980,144,15948,4404,400,800,82,95,12.8,29,10414,78
Wofford College,Yes,1501,935,273,51,83,1059,34,12680,4150,605,1440,91,92,15.3,42,7875,75
Worcester Polytechnic Institute,Yes,2768,2314,682,49,86,2802,86,15884,5370,530,730,92,94,15.2,34,10774,82
Xavier University,Yes,1959,1805,695,24,47,2849,1107,11520,4960,600,1250,73,75,13.3,31,9189,83
Xavier University of Louisiana,Yes,2097,1915,695,34,61,2793,166,6900,4200,617,781,67,75,14.4,20,8323,49
Yale University,Yes,10705,2453,1317,95,99,5217,83,19840,6510,630,2115,96,96,5.8,49,40386,99
